,Strain,Proportion,Error
0,4.0,0.361,0.0
1,5.0,0.462,0.0
2,4.0,0.356,0.0
3,4.99999992961,0.522000003,0.0
